km,BEYROUTH,AFQA,ALEY,AMYOUN,ANJAR,ARNOUN,BAABDA,BAALBECK,BASKINTA,BAROUK,BATROUN,BECHARRE,BEKFAYA,BEIT EL DDIN,BENT JEBAIL,BHAMDOUN,BKERKI,BROUMMANA,CHEKKA,CHTAURA,DAMOUR,DER EL QAMAR,DHOUR CHOUEIR,FARAYA,GEHITA,HALBA,HARISSA,HAMMANA,HERMEL,JEBAIL,JEZZINE,JOUNIEH,QAROUN (LAC),LAQLOUQ,MAAMELTEN,MARJAYOUN,NABATIEH,NABAA SAFA,NAHER EL KALB,RAYFOUN,SAIDA,SANNIN,SYR,SOFAR,SOUQ EL GHARB,TRIPOLI,TYR,YAMMOUNI,ZAHLÉ,ZGHARTA,CÈDRES
BEYROUTH,0,74,94,77,56,80,11,89,52,47,53,115,24,44,124,25,25,20,66,45,21,40,30,54,20,109,29,32,144,38,73,21,85,6,23,103,75,40,14,38,43,65,110,27,23,83,85,118,53,90,121
AFQA,74,0,20,75,130,154,85,163,108,121,51,113,80,118,198,99,57,94,64,119,95,114,86,88,66,107,61,106,218,36,147,53,159,24,51,177,149,114,60,72,117,121,108,101,97,81,159,192,127,88,119
ALEY,20,94,0,97,36,100,13,69,72,27,73,135,44,37,144,5,45,40,86,25,41,42,50,74,40,129,49,12,124,58,93,41,65,86,43,123,95,20,34,58,63,85,130,7,3,103,105,98,33,110,141
AMYOUN,77,75,97,0,133,157,88,166,111,124,24,38,83,121,201,102,60,97,11,122,98,117,89,91,69,43,64,109,221,39,150,56,162,67,54,180,152,117,63,75,120,124,44,104,100,17,162,195,130,24,44
ANJAR,56,130,36,133,0,88,50,42,74,40,109,171,57,53,100,81,81,63,129,11,77,58,53,110,76,165,85,29,97,94,83,77,51,122,79,60,86,35,70,94,99,88,166,29,39,139,141,71,20,146,177
ARNOUN,80,154,100,157,88,0,86,128,115,88,133,195,104,78,62,105,105,100,146,98,59,74,110,134,100,189,109,112,183,118,37,101,138,146,103,28,5,95,94,118,37,145,190,107,103,168,37,157,105,170,201
BAABDA,11,85,13,88,50,86,0,83,63,40,64,126,35,50,118,19,36,31,77,39,15,34,41,65,31,120,40,26,138,49,67,32,79,77,34,97,75,34,25,49,37,76,121,21,17,94,79,112,47,101,132
BAALBECK,89,163,69,166,42,128,83,0,91,75,142,204,75,87,140,64,114,79,155,44,110,90,69,143,109,178,118,62,55,127,116,110,84,155,112,101,129,68,103,127,132,104,199,62,72,172,174,29,36,179,210
BASKINTA,52,108,72,111,74,115,63,91,0,99,87,149,28,96,176,77,59,32,100,62,73,92,22,106,54,143,63,84,146,72,125,55,102,100,57,156,127,92,48,72,95,13,144,79,75,117,137,120,55,124,155
BAROUK,47,121,27,124,40,88,40,75,99,0,101,162,71,98,132,22,72,34,118,31,33,14,77,101,67,156,76,19,180,85,41,68,71,113,70,111,83,7,61,85,51,112,157,20,30,130,93,104,39,137,168
BATROUN,53,51,73,24,109,133,64,142,87,101,0,62,59,97,177,78,36,73,13,98,74,93,65,67,45,56,40,85,197,15,126,32,138,43,30,156,128,92,39,51,96,100,57,80,76,30,138,171,106,37,68
BECHARRE,115,113,135,38,171,195,126,204,149,162,62,0,121,159,239,140,98,135,49,160,136,155,127,129,107,73,102,147,259,77,188,94,200,105,92,218,190,155,101,113,158,162,74,142,188,47,200,233,168,40,7
BEKFAYA,24,80,44,83,57,104,35,75,28,71,59,121,0,68,148,49,31,12,72,47,43,64,6,60,26,115,35,56,130,44,97,27,87,72,29,127,99,64,20,44,67,41,116,51,47,89,109,104,39,96,127
BEIT EL DDIN,44,118,37,121,53,78,50,87,96,98,97,159,68,0,122,32,69,64,110,43,23,4,74,98,64,153,73,30,141,82,28,65,82,110,67,101,73,17,58,82,41,109,154,32,40,127,83,115,50,134,165
BENT JEBAIL,124,198,144,201,100,62,118,140,176,132,177,239,148,122,0,149,149,144,190,110,103,118,154,178,144,233,153,156,168,162,96,145,150,190,147,40,62,122,138,162,81,189,234,151,147,207,39,170,118,214,245
BHAMDOUN,25,99,5,102,81,105,19,64,77,22,78,140,49,32,149,0,50,45,91,20,46,35,55,79,45,134,54,7,119,63,98,46,60,91,48,128,100,14,39,63,68,90,135,2,8,108,110,93,28,115,146
BKERKI,25,57,45,60,81,105,36,114,59,72,36,98,31,69,149,50,0,45,49,70,46,65,37,38,17,92,4,57,169,21,98,4,110,49,6,128,100,65,11,23,68,72,93,52,48,66,110,143,78,73,104
BROUMMANA,20,94,40,97,63,100,31,79,32,34,73,135,12,64,144,45,45,0,86,51,41,60,10,74,40,129,49,52,134,58,93,41,109,86,43,123,95,60,34,58,63,45,180,47,43,103,105,108,43,110,141
CHEKKA,66,64,86,11,129,146,77,155,100,118,13,49,72,110,190,91,49,86,0,111,87,106,78,80,58,43,53,98,210,28,139,45,151,56,43,169,141,106,52,64,109,113,44,93,89,17,151,184,119,24,55
CHTAURA,45,119,25,122,11,98,39,44,62,31,98,160,47,43,110,20,70,51,111,0,66,47,41,99,65,154,74,18,99,83,72,66,40,111,68,73,98,25,59,83,88,76,155,18,28,128,130,73,8,135,166
DAMOUR,21,95,41,98,77,59,15,110,73,33,74,136,43,23,103,46,46,41,87,66,0,19,51,75,41,130,50,53,165,59,52,42,106,87,44,82,54,40,35,59,22,86,131,48,44,104,64,139,74,111,142
DER EL QAMAR,40,114,42,117,58,74,34,90,92,14,93,155,64,4,118,35,65,60,106,47,19,0,70,94,60,149,69,33,144,78,32,61,85,106,63,97,69,21,54,78,37,105,150,33,43,123,79,118,53,130,161
DHOUR CHOUEIR,30,86,50,89,53,110,41,69,22,77,65,127,6,74,154,55,37,10,78,41,51,70,0,66,46,121,41,62,122,50,103,33,81,78,35,133,105,70,26,50,73,35,122,57,53,95,115,98,33,102,133
FARAYA,54,88,74,91,110,134,65,143,106,101,67,129,60,98,178,79,38,74,80,99,75,94,66,0,36,123,41,86,198,50,127,33,139,78,35,157,129,94,40,16,97,101,122,81,77,97,139,172,107,104,135
GEHITA,20,66,40,69,76,100,31,109,54,67,45,107,26,64,144,45,17,40,58,65,41,60,46,36,0,101,21,52,164,30,93,13,105,58,15,123,95,60,6,30,63,67,102,47,43,75,105,138,73,82,113
HALBA,109,107,129,43,165,189,120,178,143,156,56,73,115,153,233,134,92,129,43,154,130,149,121,123,101,0,96,141,253,71,182,88,194,99,86,212,184,149,95,107,152,156,58,136,132,26,194,237,162,33,80
HARISSA,29,61,49,64,85,109,40,118,63,76,40,102,35,73,153,54,4,49,53,74,50,69,41,41,21,96,0,61,173,25,102,8,114,53,10,132,104,69,15,27,72,76,97,56,52,70,114,147,82,77,108
HAMMANA,32,106,12,109,29,112,26,62,84,19,85,147,56,30,156,7,57,52,98,18,53,33,62,86,52,141,61,0,116,70,60,53,57,98,55,135,107,12,46,70,75,97,142,5,15,115,117,90,25,122,153
HERMEL,144,218,124,221,97,183,138,55,146,180,197,259,130,141,168,119,169,134,210,99,165,144,122,198,164,253,173,116,0,182,171,165,139,210,167,159,184,123,158,182,187,209,254,117,127,227,229,84,91,234,265
JEBAIL,38,36,58,39,94,118,49,127,72,85,15,77,44,82,162,63,21,58,28,83,59,78,50,50,30,71,25,70,182,0,111,17,123,28,15,141,113,78,24,36,81,85,72,65,61,45,123,156,91,52,83
JEZZINE,73,147,93,150,83,37,67,116,125,41,126,188,97,28,96,98,98,93,139,72,52,32,103,127,93,182,102,60,171,111,0,94,112,139,96,69,33,48,87,111,30,138,183,100,96,156,72,141,80,163,194
JOUNIEH,21,53,41,56,77,101,32,110,55,68,32,94,27,65,145,46,4,41,45,66,42,61,33,33,13,88,8,53,165,17,94,0,106,45,2,124,96,61,7,17,64,68,89,48,44,62,106,139,74,69,100
QAROUN (LAC),85,159,65,162,51,138,79,84,102,71,138,200,87,82,150,60,110,109,151,40,106,85,81,139,105,194,114,57,139,123,112,106,0,151,108,113,138,64,99,123,128,150,195,58,68,168,170,113,48,175,206
LAQLOUQ,6,24,86,67,122,146,77,155,100,113,43,105,72,110,190,91,49,86,56,111,87,106,78,78,58,99,53,98,210,28,139,45,151,0,43,169,141,110,52,62,109,113,100,93,89,73,151,184,119,80,111
MAAMELTEN,23,51,43,54,79,103,34,112,57,70,30,92,29,67,147,48,6,43,43,68,44,63,35,35,15,86,10,55,167,15,96,2,108,43,0,126,98,63,9,19,66,70,87,50,46,60,108,141,76,67,98
MARJAYOUN,103,177,123,180,60,28,97,101,156,111,156,218,127,101,40,128,128,123,169,73,82,97,133,157,123,212,132,135,159,141,69,124,113,169,126,0,28,119,117,141,60,168,213,130,126,186,60,134,77,193,224
NABATIEH,75,149,95,152,86,5,75,129,127,83,128,190,99,73,62,100,100,95,141,98,54,69,105,129,95,184,104,107,184,113,33,96,138,141,98,28,0,83,81,105,24,132,177,94,90,150,32,158,105,157,188
NABAA SAFA,40,114,20,117,35,95,34,68,92,7,92,155,64,17,122,14,65,60,106,25,40,21,70,94,60,149,69,12,123,78,48,61,64,110,63,119,83,0,54,78,59,105,150,13,23,123,101,97,32,130,161
NAHER EL KALB,14,60,34,63,70,94,25,103,48,61,39,101,20,58,138,39,11,34,52,59,35,54,26,40,6,95,15,46,158,24,87,7,99,52,9,117,81,54,0,24,57,51,96,41,37,69,99,132,67,76,107
RAYFOUN,38,72,58,75,94,118,49,127,72,85,51,113,44,82,162,63,23,58,64,83,59,78,50,16,30,107,27,70,182,36,111,17,123,62,19,141,105,78,24,0,75,30,106,55,50,80,115,75,52,89,110
SAIDA,43,117,63,120,99,37,37,132,95,51,96,158,67,41,81,68,68,63,109,88,22,37,73,97,63,152,72,75,187,81,30,64,128,109,66,60,24,59,57,75,0,108,153,70,66,126,42,161,96,133,164
SANNIN,65,121,85,124,88,145,76,104,13,112,100,162,41,109,189,90,72,45,113,76,86,105,35,101,67,156,76,97,209,85,138,68,150,113,70,168,132,105,51,30,108,0,157,92,88,130,150,133,68,137,168
SYR,110,108,130,44,166,190,121,199,144,157,57,74,116,154,234,135,93,180,44,155,131,150,122,122,102,58,97,142,254,72,183,89,195,100,87,213,177,150,96,106,153,157,0,137,133,27,195,228,163,34,81
SOFAR,27,101,7,104,29,107,21,62,79,20,80,142,51,32,151,2,52,47,93,18,48,33,57,81,47,136,56,5,117,65,100,48,58,93,50,130,94,13,41,55,70,92,137,0,10,110,112,9,26,117,148
SOUQ EL GHARB,23,97,3,100,39,103,17,72,75,30,76,188,47,40,147,8,48,43,89,28,44,43,53,77,43,132,52,15,127,61,96,44,68,89,46,126,90,23,37,50,66,88,133,10,0,106,108,101,36,113,144
TRIPOLI,83,81,103,17,139,168,94,172,117,130,30,47,89,127,207,108,66,103,17,128,104,123,95,97,75,26,70,115,227,45,156,62,168,73,60,186,150,123,69,80,126,130,27,110,106,0,168,201,136,7,54
TYR,85,159,105,162,141,37,79,174,137,93,138,200,109,83,39,110,110,105,151,130,64,79,115,139,105,194,114,117,229,123,72,106,170,151,108,60,32,101,99,115,42,150,195,112,108,168,0,203,138,175,206
YAMMOUNI,118,192,98,195,71,157,112,29,120,104,171,233,104,115,170,93,143,108,184,73,139,118,98,172,138,237,147,90,84,156,141,139,113,184,141,134,158,97,132,75,161,133,228,9,101,201,203,0,65,208,239
ZAHLÉ,53,127,33,130,20,105,47,36,55,39,106,168,39,50,118,28,78,43,119,8,74,53,33,107,73,162,82,25,91,91,80,74,48,119,76,77,105,32,67,52,96,68,163,26,36,136,138,65,0,143,174
ZGHARTA,90,88,110,24,146,170,101,179,124,137,37,40,96,134,214,115,73,110,24,135,111,130,102,104,82,33,77,122,234,52,163,69,175,80,67,193,157,130,76,89,133,137,34,117,113,7,175,208,143,0,48
CÈDRES,121,119,141,44,177,201,132,210,155,168,68,7,127,165,245,146,104,141,55,166,142,161,133,135,113,80,108,153,265,83,194,100,206,111,98,224,188,161,107,110,164,168,81,148,144,54,206,239,174,48,0
